[{"model": "auth.permission", "pk": 1, "fields": {"name": "Can add log entry", "content_type": 1, "codename": "add_logentry"}}, {"model": "auth.permission", "pk": 2, "fields": {"name": "Can change log entry", "content_type": 1, "codename": "change_logentry"}}, {"model": "auth.permission", "pk": 3, "fields": {"name": "Can delete log entry", "content_type": 1, "codename": "delete_logentry"}}, {"model": "auth.permission", "pk": 4, "fields": {"name": "Can view log entry", "content_type": 1, "codename": "view_logentry"}}, {"model": "auth.permission", "pk": 5, "fields": {"name": "Can add permission", "content_type": 3, "codename": "add_permission"}}, {"model": "auth.permission", "pk": 6, "fields": {"name": "Can change permission", "content_type": 3, "codename": "change_permission"}}, {"model": "auth.permission", "pk": 7, "fields": {"name": "Can delete permission", "content_type": 3, "codename": "delete_permission"}}, {"model": "auth.permission", "pk": 8, "fields": {"name": "Can view permission", "content_type": 3, "codename": "view_permission"}}, {"model": "auth.permission", "pk": 9, "fields": {"name": "Can add group", "content_type": 2, "codename": "add_group"}}, {"model": "auth.permission", "pk": 10, "fields": {"name": "Can change group", "content_type": 2, "codename": "change_group"}}, {"model": "auth.permission", "pk": 11, "fields": {"name": "Can delete group", "content_type": 2, "codename": "delete_group"}}, {"model": "auth.permission", "pk": 12, "fields": {"name": "Can view group", "content_type": 2, "codename": "view_group"}}, {"model": "auth.permission", "pk": 13, "fields": {"name": "Can add user", "content_type": 4, "codename": "add_user"}}, {"model": "auth.permission", "pk": 14, "fields": {"name": "Can change user", "content_type": 4, "codename": "change_user"}}, {"model": "auth.permission", "pk": 15, "fields": {"name": "Can delete user", "content_type": 4, "codename": "delete_user"}}, {"model": "auth.permission", "pk": 16, "fields": {"name": "Can view user", "content_type": 4, "codename": "view_user"}}, {"model": "auth.permission", "pk": 17, "fields": {"name": "Can add content type", "content_type": 5, "codename": "add_contenttype"}}, {"model": "auth.permission", "pk": 18, "fields": {"name": "Can change content type", "content_type": 5, "codename": "change_contenttype"}}, {"model": "auth.permission", "pk": 19, "fields": {"name": "Can delete content type", "content_type": 5, "codename": "delete_contenttype"}}, {"model": "auth.permission", "pk": 20, "fields": {"name": "Can view content type", "content_type": 5, "codename": "view_contenttype"}}, {"model": "auth.permission", "pk": 21, "fields": {"name": "Can add session", "content_type": 6, "codename": "add_session"}}, {"model": "auth.permission", "pk": 22, "fields": {"name": "Can change session", "content_type": 6, "codename": "change_session"}}, {"model": "auth.permission", "pk": 23, "fields": {"name": "Can delete session", "content_type": 6, "codename": "delete_session"}}, {"model": "auth.permission", "pk": 24, "fields": {"name": "Can view session", "content_type": 6, "codename": "view_session"}}, {"model": "auth.permission", "pk": 25, "fields": {"name": "Can add category", "content_type": 7, "codename": "add_category"}}, {"model": "auth.permission", "pk": 26, "fields": {"name": "Can change category", "content_type": 7, "codename": "change_category"}}, {"model": "auth.permission", "pk": 27, "fields": {"name": "Can delete category", "content_type": 7, "codename": "delete_category"}}, {"model": "auth.permission", "pk": 28, "fields": {"name": "Can view category", "content_type": 7, "codename": "view_category"}}, {"model": "auth.permission", "pk": 29, "fields": {"name": "Can add delivery point", "content_type": 8, "codename": "add_deliverypoint"}}, {"model": "auth.permission", "pk": 30, "fields": {"name": "Can change delivery point", "content_type": 8, "codename": "change_deliverypoint"}}, {"model": "auth.permission", "pk": 31, "fields": {"name": "Can delete delivery point", "content_type": 8, "codename": "delete_deliverypoint"}}, {"model": "auth.permission", "pk": 32, "fields": {"name": "Can view delivery point", "content_type": 8, "codename": "view_deliverypoint"}}, {"model": "auth.permission", "pk": 33, "fields": {"name": "Can add manufacturer", "content_type": 9, "codename": "add_manufacturer"}}, {"model": "auth.permission", "pk": 34, "fields": {"name": "Can change manufacturer", "content_type": 9, "codename": "change_manufacturer"}}, {"model": "auth.permission", "pk": 35, "fields": {"name": "Can delete manufacturer", "content_type": 9, "codename": "delete_manufacturer"}}, {"model": "auth.permission", "pk": 36, "fields": {"name": "Can view manufacturer", "content_type": 9, "codename": "view_manufacturer"}}, {"model": "auth.permission", "pk": 37, "fields": {"name": "Can add supplier", "content_type": 13, "codename": "add_supplier"}}, {"model": "auth.permission", "pk": 38, "fields": {"name": "Can change supplier", "content_type": 13, "codename": "change_supplier"}}, {"model": "auth.permission", "pk": 39, "fields": {"name": "Can delete supplier", "content_type": 13, "codename": "delete_supplier"}}, {"model": "auth.permission", "pk": 40, "fields": {"name": "Can view supplier", "content_type": 13, "codename": "view_supplier"}}, {"model": "auth.permission", "pk": 41, "fields": {"name": "Can add order", "content_type": 10, "codename": "add_order"}}, {"model": "auth.permission", "pk": 42, "fields": {"name": "Can change order", "content_type": 10, "codename": "change_order"}}, {"model": "auth.permission", "pk": 43, "fields": {"name": "Can delete order", "content_type": 10, "codename": "delete_order"}}, {"model": "auth.permission", "pk": 44, "fields": {"name": "Can view order", "content_type": 10, "codename": "view_order"}}, {"model": "auth.permission", "pk": 45, "fields": {"name": "Can add product", "content_type": 12, "codename": "add_product"}}, {"model": "auth.permission", "pk": 46, "fields": {"name": "Can change product", "content_type": 12, "codename": "change_product"}}, {"model": "auth.permission", "pk": 47, "fields": {"name": "Can delete product", "content_type": 12, "codename": "delete_product"}}, {"model": "auth.permission", "pk": 48, "fields": {"name": "Can view product", "content_type": 12, "codename": "view_product"}}, {"model": "auth.permission", "pk": 49, "fields": {"name": "Can add order item", "content_type": 11, "codename": "add_orderitem"}}, {"model": "auth.permission", "pk": 50, "fields": {"name": "Can change order item", "content_type": 11, "codename": "change_orderitem"}}, {"model": "auth.permission", "pk": 51, "fields": {"name": "Can delete order item", "content_type": 11, "codename": "delete_orderitem"}}, {"model": "auth.permission", "pk": 52, "fields": {"name": "Can view order item", "content_type": 11, "codename": "view_orderitem"}}, {"model": "auth.permission", "pk": 53, "fields": {"name": "Can add user profile", "content_type": 14, "codename": "add_userprofile"}}, {"model": "auth.permission", "pk": 54, "fields": {"name": "Can change user profile", "content_type": 14, "codename": "change_userprofile"}}, {"model": "auth.permission", "pk": 55, "fields": {"name": "Can delete user profile", "content_type": 14, "codename": "delete_userprofile"}}, {"model": "auth.permission", "pk": 56, "fields": {"name": "Can view user profile", "content_type": 14, "codename": "view_userprofile"}}, {"model": "auth.user", "pk": 1, "fields": {"password": "pbkdf2_sha256$1200000$2wJd8AyOITGopFapZE7qsk$MxPVcBV0B0UmDJySUcV9vmLeZ6pnforX7zxxm3YGe8w=", "last_login": null, "is_superuser": false, "username": "94d5ous@gmail.com", "first_name": "Никифорова", "last_name": "Весения Николаевна", "email": "94d5ous@gmail.com", "is_staff": false, "is_active": true, "date_joined": "2026-02-26T12:19:35.224Z", "groups": [], "user_permissions": []}}, {"model": "auth.user", "pk": 2, "fields": {"password": "pbkdf2_sha256$1200000$2ORzWQ34GFJOzKUMzC4Ip1$37hhu6Pe9BFScDn6D6b83zkeUB1G0UpBr1FMzxx+pwo=", "last_login": null, "is_superuser": false, "username": "uth4iz@mail.com", "first_name": "Сазонов", "last_name": "Руслан Германович", "email": "uth4iz@mail.com", "is_staff": false, "is_active": true, "date_joined": "2026-02-26T12:19:35.519Z", "groups": [], "user_permissions": []}}, {"model": "auth.user", "pk": 3, "fields": {"password": "pbkdf2_sha256$1200000$OPlxsU1G3EmMpOaOUgdloM$OY+c2mUDCCoRfBtcLnvT0Wt6U/VwdNgmF+ZfqEyqexY=", "last_login": null, "is_superuser": false, "username": "yzls62@outlook.com", "first_name": "Одинцов", "last_name": "Серафим Артёмович", "email": "yzls62@outlook.com", "is_staff": false, "is_active": true, "date_joined": "2026-02-26T12:19:35.809Z", "groups": [], "user_permissions": []}}, {"model": "auth.user", "pk": 4, "fields": {"password": "pbkdf2_sha256$1200000$aN67G3tOPNPQcGmOQL1xfc$FbLwzbxVr4KMQ7Qcu0oT574JAjrVQ9BKmixP2ypUssI=", "last_login": null, "is_superuser": false, "username": "1diph5e@tutanota.com", "first_name": "Степанов", "last_name": "Михаил Артёмович", "email": "1diph5e@tutanota.com", "is_staff": false, "is_active": true, "date_joined": "2026-02-26T12:19:36.098Z", "groups": [], "user_permissions": []}}, {"model": "auth.user", "pk": 5, "fields": {"password": "pbkdf2_sha256$1200000$FEoAFgnb7DWAZZ1xBrUmdg$y9Bg0gkIezbaWdMPyaX4MTDubQqig5ozkShiHpQXy9Q=", "last_login": null, "is_superuser": false, "username": "tjde7c@yahoo.com", "first_name": "Ворсин", "last_name": "Петр Евгеньевич", "email": "tjde7c@yahoo.com", "is_staff": false, "is_active": true, "date_joined": "2026-02-26T12:19:36.390Z", "groups": [], "user_permissions": []}}, {"model": "auth.user", "pk": 6, "fields": {"password": "pbkdf2_sha256$1200000$PE5XZ0LoJr8vJDCRKoTEAY$aJFLe9wwfG0ymq6iJJDxD4EplW7UeHIayToCq4u0rQs=", "last_login": null, "is_superuser": false, "username": "wpmrc3do@tutanota.com", "first_name": "Старикова", "last_name": "Елена Павловна", "email": "wpmrc3do@tutanota.com", "is_staff": false, "is_active": true, "date_joined": "2026-02-26T12:19:36.680Z", "groups": [], "user_permissions": []}}, {"model": "auth.user", "pk": 7, "fields": {"password": "pbkdf2_sha256$1200000$8bPMnBGzFboKkapdgu5TdU$LMc7KqiWtUVm+EsOnEQLptuvGOa07ivJRuPxjWdwsKo=", "last_login": null, "is_superuser": false, "username": "5d4zbu@tutanota.com", "first_name": "Михайлюк", "last_name": "Анна Вячеславовна", "email": "5d4zbu@tutanota.com", "is_staff": false, "is_active": true, "date_joined": "2026-02-26T12:19:36.969Z", "groups": [], "user_permissions": []}}, {"model": "auth.user", "pk": 8, "fields": {"password": "pbkdf2_sha256$1200000$CCGBS6qzXHLDA2S27tDci4$9bk38rpaQxZmePapBNHbNUCPdM2XntSzdVfqaFzAPXQ=", "last_login": null, "is_superuser": false, "username": "ptec8ym@yahoo.com", "first_name": "Ситдикова", "last_name": "Елена Анатольевна", "email": "ptec8ym@yahoo.com", "is_staff": false, "is_active": true, "date_joined": "2026-02-26T12:19:37.259Z", "groups": [], "user_permissions": []}}, {"model": "auth.user", "pk": 9, "fields": {"password": "pbkdf2_sha256$1200000$ExQSiRufaaPsK80SKdNr5h$LL441NwAaaaqpD1U1A2Qgr8b3oZx411JVdQm6DOLCU0=", "last_login": null, "is_superuser": false, "username": "1qz4kw@mail.com", "first_name": "Ворсин", "last_name": "Петр Евгеньевич", "email": "1qz4kw@mail.com", "is_staff": false, "is_active": true, "date_joined": "2026-02-26T12:19:37.549Z", "groups": [], "user_permissions": []}}, {"model": "auth.user", "pk": 10, "fields": {"password": "pbkdf2_sha256$1200000$X4dl1RszYrTC104RU2sLWj$YL3WXyX7jDLXC4uk1zK7kgBCM7S+Z+xUhd0HnTiiqgE=", "last_login": null, "is_superuser": false, "username": "4np6se@mail.com", "first_name": "Старикова", "last_name": "Елена Павловна", "email": "4np6se@mail.com", "is_staff": false, "is_active": true, "date_joined": "2026-02-26T12:19:37.840Z", "groups": [], "user_permissions": []}}, {"model": "auth.user", "pk": 11, "fields": {"password": "pbkdf2_sha256$1200000$axgyQiqvXUGNqh8jw1PHTJ$WEVhk3f7UJg9ugMm+O8I56JwsieuliFSFxVqXC7ML4I=", "last_login": null, "is_superuser": true, "username": "admin", "first_name": "", "last_name": "", "email": "admin@shoestore.local", "is_staff": true, "is_active": true, "date_joined": "2026-02-26T12:22:55.244Z", "groups": [], "user_permissions": []}}, {"model": "contenttypes.contenttype", "pk": 1, "fields": {"app_label": "admin", "model": "logentry"}}, {"model": "contenttypes.contenttype", "pk": 2, "fields": {"app_label": "auth", "model": "group"}}, {"model": "contenttypes.contenttype", "pk": 3, "fields": {"app_label": "auth", "model": "permission"}}, {"model": "contenttypes.contenttype", "pk": 4, "fields": {"app_label": "auth", "model": "user"}}, {"model": "contenttypes.contenttype", "pk": 5, "fields": {"app_label": "contenttypes", "model": "contenttype"}}, {"model": "contenttypes.contenttype", "pk": 6, "fields": {"app_label": "sessions", "model": "session"}}, {"model": "contenttypes.contenttype", "pk": 7, "fields": {"app_label": "shop", "model": "category"}}, {"model": "contenttypes.contenttype", "pk": 8, "fields": {"app_label": "shop", "model": "deliverypoint"}}, {"model": "contenttypes.contenttype", "pk": 9, "fields": {"app_label": "shop", "model": "manufacturer"}}, {"model": "contenttypes.contenttype", "pk": 10, "fields": {"app_label": "shop", "model": "order"}}, {"model": "contenttypes.contenttype", "pk": 11, "fields": {"app_label": "shop", "model": "orderitem"}}, {"model": "contenttypes.contenttype", "pk": 12, "fields": {"app_label": "shop", "model": "product"}}, {"model": "contenttypes.contenttype", "pk": 13, "fields": {"app_label": "shop", "model": "supplier"}}, {"model": "contenttypes.contenttype", "pk": 14, "fields": {"app_label": "shop", "model": "userprofile"}}, {"model": "shop.category", "pk": 1, "fields": {"name": "Женская обувь"}}, {"model": "shop.category", "pk": 2, "fields": {"name": "Мужская обувь"}}, {"model": "shop.manufacturer", "pk": 1, "fields": {"name": "Kari"}}, {"model": "shop.manufacturer", "pk": 2, "fields": {"name": "Marco Tozzi"}}, {"model": "shop.manufacturer", "pk": 3, "fields": {"name": "Рос"}}, {"model": "shop.manufacturer", "pk": 4, "fields": {"name": "Rieker"}}, {"model": "shop.manufacturer", "pk": 5, "fields": {"name": "Alessio Nesca"}}, {"model": "shop.manufacturer", "pk": 6, "fields": {"name": "CROSBY"}}, {"model": "shop.supplier", "pk": 1, "fields": {"name": "Kari"}}, {"model": "shop.supplier", "pk": 2, "fields": {"name": "Обувь для вас"}}, {"model": "shop.product", "pk": "B320R5", "fields": {"name": "Туфли", "unit": "шт.", "price": "4300.00", "supplier": 1, "manufacturer": 4, "category": 1, "discount": "2.00", "quantity": 6, "description": "Туфли Rieker женские демисезонные, размер 41, цвет коричневый", "photo": "products/9.jpg"}}, {"model": "shop.product", "pk": "B431R5", "fields": {"name": "Ботинки", "unit": "шт.", "price": "2700.00", "supplier": 2, "manufacturer": 4, "category": 2, "discount": "2.00", "quantity": 5, "description": "Мужские кожаные ботинки/мужские ботинки", "photo": ""}}, {"model": "shop.product", "pk": "C436G5", "fields": {"name": "Ботинки", "unit": "шт.", "price": "10200.00", "supplier": 1, "manufacturer": 5, "category": 1, "discount": "15.00", "quantity": 9, "description": "Ботинки женские, ARGO, размер 40", "photo": ""}}, {"model": "shop.product", "pk": "D268G5", "fields": {"name": "Туфли", "unit": "шт.", "price": "4399.00", "supplier": 2, "manufacturer": 4, "category": 1, "discount": "3.00", "quantity": 12, "description": "Туфли Rieker женские демисезонные, размер 36, цвет коричневый", "photo": ""}}, {"model": "shop.product", "pk": "D329H3", "fields": {"name": "Полуботинки", "unit": "шт.", "price": "1890.00", "supplier": 2, "manufacturer": 5, "category": 1, "discount": "4.00", "quantity": 4, "description": "Полуботинки Alessio Nesca женские 3-30797-47, размер 37, цвет: бордовый", "photo": "products/8.jpg"}}, {"model": "shop.product", "pk": "D364R4", "fields": {"name": "Туфли", "unit": "шт.", "price": "12400.00", "supplier": 1, "manufacturer": 1, "category": 1, "discount": "16.00", "quantity": 5, "description": "Туфли Luiza Belly женские Kate-lazo черные из натуральной замши", "photo": ""}}, {"model": "shop.product", "pk": "D572U8", "fields": {"name": "Кроссовки", "unit": "шт.", "price": "4100.00", "supplier": 2, "manufacturer": 3, "category": 2, "discount": "3.00", "quantity": 6, "description": "129615-4 Кроссовки мужские", "photo": "products/6.jpg"}}, {"model": "shop.product", "pk": "E482R4", "fields": {"name": "Полуботинки", "unit": "шт.", "price": "1800.00", "supplier": 1, "manufacturer": 1, "category": 1, "discount": "2.00", "quantity": 14, "description": "Полуботинки kari женские MYZ20S-149, размер 41, цвет: черный", "photo": ""}}, {"model": "shop.product", "pk": "F427R5", "fields": {"name": "Ботинки", "unit": "шт.", "price": "11800.00", "supplier": 2, "manufacturer": 4, "category": 1, "discount": "15.00", "quantity": 11, "description": "Ботинки на молнии с декоративной пряжкой FRAU", "photo": ""}}, {"model": "shop.product", "pk": "F572H7", "fields": {"name": "Туфли", "unit": "шт.", "price": "2700.00", "supplier": 1, "manufacturer": 2, "category": 1, "discount": "2.00", "quantity": 14, "description": "Туфли Marco Tozzi женские летние, размер 39, цвет черный", "photo": "products/7.jpg"}}, {"model": "shop.product", "pk": "F635R4", "fields": {"name": "Ботинки", "unit": "шт.", "price": "3244.00", "supplier": 2, "manufacturer": 2, "category": 1, "discount": "2.00", "quantity": 13, "description": "Ботинки Marco Tozzi женские демисезонные, размер 39, цвет бежевый", "photo": "products/2.jpg"}}, {"model": "shop.product", "pk": "G432E4", "fields": {"name": "Туфли", "unit": "шт.", "price": "2800.00", "supplier": 1, "manufacturer": 1, "category": 1, "discount": "3.00", "quantity": 15, "description": "Туфли kari женские TR-YR-413017, размер 37, цвет: черный", "photo": "products/10.jpg"}}, {"model": "shop.product", "pk": "G531F4", "fields": {"name": "Ботинки", "unit": "шт.", "price": "6600.00", "supplier": 1, "manufacturer": 1, "category": 1, "discount": "12.00", "quantity": 9, "description": "Ботинки женские зимние ROMER арт. 893167-01 Черный", "photo": ""}}, {"model": "shop.product", "pk": "G783F5", "fields": {"name": "Ботинки", "unit": "шт.", "price": "5900.00", "supplier": 1, "manufacturer": 3, "category": 2, "discount": "2.00", "quantity": 8, "description": "Мужские ботинки Рос-Обувь кожаные с натуральным мехом", "photo": "products/4.jpg"}}, {"model": "shop.product", "pk": "H535R5", "fields": {"name": "Ботинки", "unit": "шт.", "price": "2300.00", "supplier": 2, "manufacturer": 4, "category": 1, "discount": "2.00", "quantity": 7, "description": "Женские Ботинки демисезонные", "photo": ""}}, {"model": "shop.product", "pk": "H782T5", "fields": {"name": "Туфли", "unit": "шт.", "price": "4499.00", "supplier": 1, "manufacturer": 1, "category": 2, "discount": "4.00", "quantity": 5, "description": "Туфли kari мужские классика MYZ21AW-450A, размер 43, цвет: черный", "photo": "products/3.jpg"}}, {"model": "shop.product", "pk": "J384T6", "fields": {"name": "Ботинки", "unit": "шт.", "price": "3800.00", "supplier": 2, "manufacturer": 4, "category": 2, "discount": "2.00", "quantity": 16, "description": "B3430/14 Полуботинки мужские Rieker", "photo": "products/5.jpg"}}, {"model": "shop.product", "pk": "J542F5", "fields": {"name": "Тапочки", "unit": "шт.", "price": "500.00", "supplier": 1, "manufacturer": 1, "category": 2, "discount": "13.00", "quantity": 0, "description": "Тапочки мужские Арт.70701-55-67син р.41", "photo": ""}}, {"model": "shop.product", "pk": "K345R4", "fields": {"name": "Полуботинки", "unit": "шт.", "price": "2100.00", "supplier": 2, "manufacturer": 6, "category": 2, "discount": "2.00", "quantity": 3, "description": "407700/01-02 Полуботинки мужские CROSBY", "photo": ""}}, {"model": "shop.product", "pk": "K358H6", "fields": {"name": "Тапочки", "unit": "шт.", "price": "599.00", "supplier": 1, "manufacturer": 4, "category": 2, "discount": "20.00", "quantity": 2, "description": "Тапочки мужские син р.41", "photo": ""}}, {"model": "shop.product", "pk": "L754R4", "fields": {"name": "Полуботинки", "unit": "шт.", "price": "1700.00", "supplier": 1, "manufacturer": 1, "category": 1, "discount": "2.00", "quantity": 7, "description": "Полуботинки kari женские WB2020SS-26, размер 38, цвет: черный", "photo": ""}}, {"model": "shop.product", "pk": "M542T5", "fields": {"name": "Кроссовки", "unit": "шт.", "price": "2800.00", "supplier": 2, "manufacturer": 4, "category": 2, "discount": "18.00", "quantity": 3, "description": "Кроссовки мужские TOFA", "photo": ""}}, {"model": "shop.product", "pk": "N457T5", "fields": {"name": "Полуботинки", "unit": "шт.", "price": "4600.00", "supplier": 1, "manufacturer": 6, "category": 1, "discount": "3.00", "quantity": 13, "description": "Полуботинки Ботинки черные зимние, мех", "photo": ""}}, {"model": "shop.product", "pk": "O754F4", "fields": {"name": "Туфли", "unit": "шт.", "price": "5400.00", "supplier": 2, "manufacturer": 4, "category": 1, "discount": "4.00", "quantity": 18, "description": "Туфли женские демисезонные Rieker артикул 55073-68/37", "photo": ""}}, {"model": "shop.product", "pk": "P764G4", "fields": {"name": "Туфли", "unit": "шт.", "price": "6800.00", "supplier": 1, "manufacturer": 6, "category": 1, "discount": "15.00", "quantity": 15, "description": "Туфли женские, ARGO, размер 38", "photo": ""}}, {"model": "shop.product", "pk": "S213E3", "fields": {"name": "Полуботинки", "unit": "шт.", "price": "2156.00", "supplier": 2, "manufacturer": 6, "category": 2, "discount": "3.00", "quantity": 6, "description": "407700/01-01 Полуботинки мужские CROSBY", "photo": ""}}, {"model": "shop.product", "pk": "S326R5", "fields": {"name": "Тапочки", "unit": "шт.", "price": "9900.00", "supplier": 2, "manufacturer": 6, "category": 2, "discount": "17.00", "quantity": 15, "description": "Мужские кожаные тапочки \"Профиль С.Дали\" ", "photo": ""}}, {"model": "shop.product", "pk": "S634B5", "fields": {"name": "Кеды", "unit": "шт.", "price": "5500.00", "supplier": 2, "manufacturer": 6, "category": 2, "discount": "3.00", "quantity": 0, "description": "Кеды Caprice мужские демисезонные, размер 42, цвет черный", "photo": ""}}, {"model": "shop.product", "pk": "T324F5", "fields": {"name": "Сапоги", "unit": "шт.", "price": "4699.00", "supplier": 1, "manufacturer": 6, "category": 1, "discount": "2.00", "quantity": 5, "description": "Сапоги замша Цвет: синий", "photo": ""}}, {"model": "shop.product", "pk": "А112Т4", "fields": {"name": "Ботинки", "unit": "шт.", "price": "4990.00", "supplier": 1, "manufacturer": 1, "category": 1, "discount": "3.00", "quantity": 6, "description": "Женские Ботинки демисезонные kari", "photo": "products/1.jpg"}}, {"model": "shop.userprofile", "pk": 1, "fields": {"user": 1, "role": "admin", "full_name": "Никифорова Весения Николаевна"}}, {"model": "shop.userprofile", "pk": 2, "fields": {"user": 2, "role": "admin", "full_name": "Сазонов Руслан Германович"}}, {"model": "shop.userprofile", "pk": 3, "fields": {"user": 3, "role": "admin", "full_name": "Одинцов Серафим Артёмович"}}, {"model": "shop.userprofile", "pk": 4, "fields": {"user": 4, "role": "manager", "full_name": "Степанов Михаил Артёмович"}}, {"model": "shop.userprofile", "pk": 5, "fields": {"user": 5, "role": "manager", "full_name": "Ворсин Петр Евгеньевич"}}, {"model": "shop.userprofile", "pk": 6, "fields": {"user": 6, "role": "manager", "full_name": "Старикова Елена Павловна"}}, {"model": "shop.userprofile", "pk": 7, "fields": {"user": 7, "role": "guest", "full_name": "Михайлюк Анна Вячеславовна"}}, {"model": "shop.userprofile", "pk": 8, "fields": {"user": 8, "role": "guest", "full_name": "Ситдикова Елена Анатольевна"}}, {"model": "shop.userprofile", "pk": 9, "fields": {"user": 9, "role": "guest", "full_name": "Ворсин Петр Евгеньевич"}}, {"model": "shop.userprofile", "pk": 10, "fields": {"user": 10, "role": "guest", "full_name": "Старикова Елена Павловна"}}, {"model": "shop.deliverypoint", "pk": 1, "fields": {"address": "420151, г. Лесной, ул. Вишневая, 32"}}, {"model": "shop.deliverypoint", "pk": 2, "fields": {"address": "125061, г. Лесной, ул. Подгорная, 8"}}, {"model": "shop.deliverypoint", "pk": 3, "fields": {"address": "630370, г. Лесной, ул. Шоссейная, 24"}}, {"model": "shop.deliverypoint", "pk": 4, "fields": {"address": "400562, г. Лесной, ул. Зеленая, 32"}}, {"model": "shop.deliverypoint", "pk": 5, "fields": {"address": "614510, г. Лесной, ул. Маяковского, 47"}}, {"model": "shop.deliverypoint", "pk": 6, "fields": {"address": "410542, г. Лесной, ул. Светлая, 46"}}, {"model": "shop.deliverypoint", "pk": 7, "fields": {"address": "620839, г. Лесной, ул. Цветочная, 8"}}, {"model": "shop.deliverypoint", "pk": 8, "fields": {"address": "443890, г. Лесной, ул. Коммунистическая, 1"}}, {"model": "shop.deliverypoint", "pk": 9, "fields": {"address": "603379, г. Лесной, ул. Спортивная, 46"}}, {"model": "shop.deliverypoint", "pk": 10, "fields": {"address": "603721, г. Лесной, ул. Гоголя, 41"}}, {"model": "shop.deliverypoint", "pk": 11, "fields": {"address": "410172, г. Лесной, ул. Северная, 13"}}, {"model": "shop.deliverypoint", "pk": 12, "fields": {"address": "614611, г. Лесной, ул. Молодежная, 50"}}, {"model": "shop.deliverypoint", "pk": 13, "fields": {"address": "454311, г.Лесной, ул. Новая, 19"}}, {"model": "shop.deliverypoint", "pk": 14, "fields": {"address": "660007, г.Лесной, ул. Октябрьская, 19"}}, {"model": "shop.deliverypoint", "pk": 15, "fields": {"address": "603036, г. Лесной, ул. Садовая, 4"}}, {"model": "shop.deliverypoint", "pk": 16, "fields": {"address": "394060, г.Лесной, ул. Фрунзе, 43"}}, {"model": "shop.deliverypoint", "pk": 17, "fields": {"address": "410661, г. Лесной, ул. Школьная, 50"}}, {"model": "shop.deliverypoint", "pk": 18, "fields": {"address": "625590, г. Лесной, ул. Коммунистическая, 20"}}, {"model": "shop.deliverypoint", "pk": 19, "fields": {"address": "625683, г. Лесной, ул. 8 Марта"}}, {"model": "shop.deliverypoint", "pk": 20, "fields": {"address": "450983, г.Лесной, ул. Комсомольская, 26"}}, {"model": "shop.deliverypoint", "pk": 21, "fields": {"address": "394782, г. Лесной, ул. Чехова, 3"}}, {"model": "shop.deliverypoint", "pk": 22, "fields": {"address": "603002, г. Лесной, ул. Дзержинского, 28"}}, {"model": "shop.deliverypoint", "pk": 23, "fields": {"address": "450558, г. Лесной, ул. Набережная, 30"}}, {"model": "shop.deliverypoint", "pk": 24, "fields": {"address": "344288, г. Лесной, ул. Чехова, 1"}}, {"model": "shop.deliverypoint", "pk": 25, "fields": {"address": "614164, г.Лесной,  ул. Степная, 30"}}, {"model": "shop.deliverypoint", "pk": 26, "fields": {"address": "394242, г. Лесной, ул. Коммунистическая, 43"}}, {"model": "shop.deliverypoint", "pk": 27, "fields": {"address": "660540, г. Лесной, ул. Солнечная, 25"}}, {"model": "shop.deliverypoint", "pk": 28, "fields": {"address": "125837, г. Лесной, ул. Шоссейная, 40"}}, {"model": "shop.deliverypoint", "pk": 29, "fields": {"address": "125703, г. Лесной, ул. Партизанская, 49"}}, {"model": "shop.deliverypoint", "pk": 30, "fields": {"address": "625283, г. Лесной, ул. Победы, 46"}}, {"model": "shop.deliverypoint", "pk": 31, "fields": {"address": "614753, г. Лесной, ул. Полевая, 35"}}, {"model": "shop.deliverypoint", "pk": 32, "fields": {"address": "426030, г. Лесной, ул. Маяковского, 44"}}, {"model": "shop.deliverypoint", "pk": 33, "fields": {"address": "450375, г. Лесной ул. Клубная, 44"}}, {"model": "shop.deliverypoint", "pk": 34, "fields": {"address": "625560, г. Лесной, ул. Некрасова, 12"}}, {"model": "shop.deliverypoint", "pk": 35, "fields": {"address": "630201, г. Лесной, ул. Комсомольская, 17"}}, {"model": "shop.deliverypoint", "pk": 36, "fields": {"address": "190949, г. Лесной, ул. Мичурина, 26"}}, {"model": "shop.order", "pk": 1, "fields": {"order_number": 1, "order_date": "2025-02-26T21:00:00Z", "delivery_date": "2025-04-19T21:00:00Z", "delivery_point": 1, "customer_name": "Степанов Михаил Артёмович", "code": 901, "status": "completed"}}, {"model": "shop.order", "pk": 2, "fields": {"order_number": 2, "order_date": "2022-09-27T21:00:00Z", "delivery_date": "2025-04-20T21:00:00Z", "delivery_point": 11, "customer_name": "Никифорова Весения Николаевна", "code": 902, "status": "completed"}}, {"model": "shop.order", "pk": 3, "fields": {"order_number": 3, "order_date": "2025-03-20T21:00:00Z", "delivery_date": "2025-04-21T21:00:00Z", "delivery_point": 2, "customer_name": "Сазонов Руслан Германович", "code": 903, "status": "completed"}}, {"model": "shop.order", "pk": 4, "fields": {"order_number": 4, "order_date": "2025-02-19T21:00:00Z", "delivery_date": "2025-04-22T21:00:00Z", "delivery_point": 11, "customer_name": "Одинцов Серафим Артёмович", "code": 904, "status": "completed"}}, {"model": "shop.order", "pk": 5, "fields": {"order_number": 5, "order_date": "2025-03-16T21:00:00Z", "delivery_date": "2025-04-23T21:00:00Z", "delivery_point": 2, "customer_name": "Степанов Михаил Артёмович", "code": 905, "status": "completed"}}, {"model": "shop.order", "pk": 6, "fields": {"order_number": 6, "order_date": "2025-02-28T21:00:00Z", "delivery_date": "2025-04-24T21:00:00Z", "delivery_point": 15, "customer_name": "Никифорова Весения Николаевна", "code": 906, "status": "completed"}}, {"model": "shop.order", "pk": 7, "fields": {"order_number": 8, "order_date": "2025-03-30T21:00:00Z", "delivery_date": "2025-04-26T21:00:00Z", "delivery_point": 19, "customer_name": "Одинцов Серафим Артёмович", "code": 908, "status": "pending"}}, {"model": "shop.order", "pk": 8, "fields": {"order_number": 9, "order_date": "2025-04-01T21:00:00Z", "delivery_date": "2025-04-27T21:00:00Z", "delivery_point": 5, "customer_name": "Степанов Михаил Артёмович", "code": 909, "status": "pending"}}, {"model": "shop.order", "pk": 9, "fields": {"order_number": 10, "order_date": "2025-04-02T21:00:00Z", "delivery_date": "2025-04-28T21:00:00Z", "delivery_point": 19, "customer_name": "Степанов Михаил Артёмович", "code": 910, "status": "pending"}}, {"model": "shop.orderitem", "pk": 19, "fields": {"order": 1, "product": "А112Т4", "quantity": 1}}, {"model": "shop.orderitem", "pk": 20, "fields": {"order": 1, "product": "F635R4", "quantity": 1}}, {"model": "shop.orderitem", "pk": 21, "fields": {"order": 2, "product": "H782T5", "quantity": 1}}, {"model": "shop.orderitem", "pk": 22, "fields": {"order": 2, "product": "G783F5", "quantity": 1}}, {"model": "shop.orderitem", "pk": 23, "fields": {"order": 3, "product": "J384T6", "quantity": 1}}, {"model": "shop.orderitem", "pk": 24, "fields": {"order": 3, "product": "D572U8", "quantity": 1}}, {"model": "shop.orderitem", "pk": 25, "fields": {"order": 4, "product": "F572H7", "quantity": 1}}, {"model": "shop.orderitem", "pk": 26, "fields": {"order": 4, "product": "D329H3", "quantity": 1}}, {"model": "shop.orderitem", "pk": 27, "fields": {"order": 5, "product": "А112Т4", "quantity": 1}}, {"model": "shop.orderitem", "pk": 28, "fields": {"order": 5, "product": "F635R4", "quantity": 1}}, {"model": "shop.orderitem", "pk": 29, "fields": {"order": 6, "product": "H782T5", "quantity": 1}}, {"model": "shop.orderitem", "pk": 30, "fields": {"order": 6, "product": "G783F5", "quantity": 1}}, {"model": "shop.orderitem", "pk": 31, "fields": {"order": 7, "product": "F572H7", "quantity": 1}}, {"model": "shop.orderitem", "pk": 32, "fields": {"order": 7, "product": "D329H3", "quantity": 1}}, {"model": "shop.orderitem", "pk": 33, "fields": {"order": 8, "product": "B320R5", "quantity": 1}}, {"model": "shop.orderitem", "pk": 34, "fields": {"order": 8, "product": "G432E4", "quantity": 1}}, {"model": "shop.orderitem", "pk": 35, "fields": {"order": 9, "product": "S213E3", "quantity": 1}}, {"model": "shop.orderitem", "pk": 36, "fields": {"order": 9, "product": "E482R4", "quantity": 1}}]
